order_id,customer_id,category,product,price,quantity,sales,order_date
1,10062,Tops,T-shirt,8574,2,17148,2026-05-14 20:42:56
2,10008,Tops,T-shirt,7337,2,14674,2026-07-03 23:16:56
3,10183,Bottoms,Jeans,8597,1,8597,2026-01-25 02:55:56
4,10071,Bag,Backpack,19719,3,59157,2026-07-09 19:45:56
5,10055,Bag,Shoulder Bag,14105,1,14105,2026-04-15 22:24:56
6,10154,Bag,Backpack,16763,2,33526,2026-05-04 23:43:56
7,10020,Bag,Tote Bag,9090,2,18180,2026-02-19 15:36:56
8,10180,Accessory,Wallet,5729,1,5729,2026-06-23 23:47:56
9,10221,Bottoms,Slacks,4653,1,4653,2026-06-15 13:12:56
10,10094,Bag,Tote Bag,16954,1,16954,2026-04-11 18:47:56
11,10162,Shoes,Sandals,8339,3,25017,2026-05-28 07:43:56
12,10069,Bottoms,Shorts,7786,2,15572,2026-01-28 02:54:56
13,10058,Bottoms,Slacks,10904,1,10904,2026-07-02 15:04:56
14,10224,Shoes,Sneakers,12913,3,38739,2026-04-21 18:48:56
15,10036,Bag,Shoulder Bag,26064,2,52128,2026-05-04 21:14:56
16,10109,Accessory,Wallet,7119,3,21357,2026-02-11 13:06:56
17,10023,Bottoms,Shorts,8174,2,16348,2026-06-28 22:20:56
18,10098,Bottoms,Skirt,8885,1,8885,2026-04-04 06:00:56
19,10174,Accessory,Wallet,5532,1,5532,2026-06-11 03:33:56
20,10087,Accessory,Wallet,7296,3,21888,2026-06-12 16:02:56
21,10224,Bottoms,Skirt,4026,3,12078,2026-05-04 08:41:56
22,10076,Bottoms,Jeans,11131,3,33393,2026-01-28 08:51:56
23,10138,Bottoms,Shorts,7063,1,7063,2026-02-26 00:51:56
24,10237,Shoes,Boots,6638,1,6638,2026-04-09 16:14:56
25,10021,Tops,Shirt,7147,1,7147,2026-03-08 22:41:56
26,10121,Accessory,Belt,2051,3,6153,2026-02-20 20:13:56
27,10193,Accessory,Necklace,2735,3,8205,2026-01-15 18:44:56
28,10230,Shoes,Boots,18236,2,36472,2026-02-28 11:22:56
29,10005,Bottoms,Shorts,4524,2,9048,2026-02-10 08:15:56
30,10181,Accessory,Belt,1058,1,1058,2026-01-31 00:15:56
31,10131,Tops,T-shirt,5206,1,5206,2026-05-11 16:47:56
32,10185,Bag,Backpack,22669,1,22669,2026-02-14 06:59:56
33,10048,Bottoms,Skirt,10615,2,21230,2026-06-16 21:47:56
34,10119,Bag,Shoulder Bag,18879,2,37758,2026-06-27 03:48:56
35,10086,Tops,T-shirt,5798,3,17394,2026-06-13 18:17:56
36,10046,Bottoms,Skirt,5148,2,10296,2026-04-30 11:14:56
37,10012,Tops,Sweater,7008,1,7008,2026-01-25 07:36:56
38,10042,Tops,T-shirt,8673,1,8673,2026-03-28 09:59:56
39,10042,Bottoms,Skirt,11392,1,11392,2026-04-05 01:05:56
40,10178,Shoes,Boots,15347,2,30694,2026-02-18 03:44:56
41,10055,Bag,Backpack,11222,2,22444,2026-06-26 06:42:56
42,10014,Accessory,Cap,7127,2,14254,2026-06-28 06:59:56
43,10020,Accessory,Belt,1465,3,4395,2026-05-24 22:51:56
44,10241,Tops,Shirt,5807,1,5807,2026-02-15 17:52:56
45,10107,Accessory,Cap,6073,1,6073,2026-01-23 06:53:56
46,10171,Accessory,Wallet,3136,1,3136,2026-04-21 18:13:56
47,10076,Bag,Backpack,27009,3,81027,2026-03-15 14:30:56
48,10144,Tops,T-shirt,6254,3,18762,2026-06-15 22:55:56
49,10225,Bottoms,Slacks,5085,2,10170,2026-06-23 18:06:56
50,10180,Shoes,Sneakers,20358,3,61074,2026-04-24 05:38:56
51,10076,Accessory,Cap,6471,3,19413,2026-01-22 21:33:56
52,10190,Bottoms,Slacks,4945,1,4945,2026-02-19 21:12:56
53,10087,Shoes,Sandals,12901,3,38703,2026-05-19 03:49:56
54,10231,Shoes,Sandals,22008,2,44016,2026-06-27 22:49:56
55,10085,Bag,Shoulder Bag,6444,1,6444,2026-06-07 05:13:56
56,10109,Bottoms,Skirt,8519,3,25557,2026-02-18 01:22:56
57,10213,Tops,Shirt,6969,1,6969,2026-04-07 06:54:56
58,10078,Bottoms,Skirt,5044,1,5044,2026-04-08 23:32:56
59,10026,Shoes,Sneakers,14176,3,42528,2026-04-11 07:33:56
60,10236,Bag,Tote Bag,29558,1,29558,2026-05-11 19:38:56
61,10188,Bottoms,Skirt,4203,1,4203,2026-04-16 11:38:56
62,10027,Bottoms,Slacks,5304,3,15912,2026-04-04 23:35:56
63,10089,Bag,Backpack,11539,2,23078,2026-04-23 18:15:56
64,10071,Tops,Shirt,5764,2,11528,2026-06-23 17:07:56
65,10084,Accessory,Necklace,6566,3,19698,2026-07-03 21:33:56
66,10027,Shoes,Sneakers,14698,1,14698,2026-02-08 12:07:56
67,10098,Shoes,Boots,22758,1,22758,2026-02-13 19:13:56
68,10236,Tops,Sweater,2513,3,7539,2026-02-23 03:43:56
69,10242,Bottoms,Slacks,7533,1,7533,2026-01-21 14:50:56
70,10230,Shoes,Sandals,10083,3,30249,2026-04-25 09:10:56
71,10075,Bag,Shoulder Bag,18185,3,54555,2026-02-19 21:17:56
72,10191,Bag,Tote Bag,17423,3,52269,2026-05-27 05:53:56
73,10077,Shoes,Boots,23954,1,23954,2026-04-28 19:02:56
74,10113,Accessory,Wallet,4809,2,9618,2026-01-19 18:57:56
75,10021,Bag,Tote Bag,10560,3,31680,2026-04-29 08:47:56
76,10172,Accessory,Wallet,1765,1,1765,2026-04-22 17:38:56
77,10062,Bottoms,Shorts,4200,1,4200,2026-03-11 05:35:56
78,10147,Tops,Sweater,5895,3,17685,2026-05-22 02:45:56
79,10037,Bag,Shoulder Bag,18095,1,18095,2026-01-24 03:29:56
80,10205,Tops,Sweater,4292,1,4292,2026-01-13 09:00:56
81,10034,Tops,Shirt,3494,2,6988,2026-03-14 03:56:56
82,10156,Accessory,Wallet,7187,2,14374,2026-03-03 11:36:56
83,10220,Accessory,Necklace,2303,3,6909,2026-03-11 11:13:56
84,10124,Bottoms,Slacks,10273,3,30819,2026-01-31 18:12:56
85,10060,Bag,Backpack,28381,2,56762,2026-05-02 15:09:56
86,10059,Accessory,Cap,2133,1,2133,2026-04-03 03:20:56
87,10084,Bottoms,Jeans,7398,2,14796,2026-02-22 11:03:56
88,10231,Tops,Shirt,5941,2,11882,2026-02-11 03:28:56
89,10241,Accessory,Necklace,4907,1,4907,2026-04-11 15:41:56
90,10188,Bag,Shoulder Bag,22636,3,67908,2026-02-21 05:32:56
91,10111,Bottoms,Skirt,5797,2,11594,2026-03-09 01:05:56
92,10042,Shoes,Sandals,19248,3,57744,2026-03-13 20:50:56
93,10144,Accessory,Cap,4227,3,12681,2026-01-23 01:24:56
94,10012,Bag,Backpack,20128,1,20128,2026-05-05 13:09:56
95,10194,Bottoms,Skirt,6677,2,13354,2026-04-04 16:41:56
96,10004,Bag,Shoulder Bag,7683,2,15366,2026-02-23 00:07:56
97,10010,Bottoms,Jeans,10399,3,31197,2026-07-03 18:17:56
98,10121,Tops,Shirt,4454,1,4454,2026-01-20 21:53:56
99,10196,Bottoms,Skirt,9730,2,19460,2026-04-07 19:51:56
100,10246,Accessory,Cap,7371,1,7371,2026-04-22 21:52:56
101,10232,Tops,Hoodie,7216,3,21648,2026-04-05 12:44:56
102,10212,Bottoms,Jeans,8850,3,26550,2026-01-31 18:23:56
103,10200,Shoes,Sandals,9966,3,29898,2026-06-30 13:55:56
104,10129,Bag,Tote Bag,17142,1,17142,2026-01-26 15:29:56
105,10245,Bag,Shoulder Bag,8458,2,16916,2026-04-09 04:32:56
106,10045,Bag,Tote Bag,10013,2,20026,2026-02-27 05:12:56
107,10211,Accessory,Necklace,4808,2,9616,2026-02-09 17:09:56
108,10062,Bottoms,Jeans,6284,2,12568,2026-03-14 06:50:56
109,10217,Bag,Shoulder Bag,5940,2,11880,2026-04-18 19:58:56
110,10087,Bottoms,Slacks,10535,2,21070,2026-04-30 05:45:56
111,10242,Shoes,Sandals,6332,3,18996,2026-05-23 23:14:56
112,10176,Bag,Shoulder Bag,23192,1,23192,2026-03-11 04:44:56
113,10075,Bag,Shoulder Bag,5565,1,5565,2026-05-15 12:45:56
114,10094,Bottoms,Slacks,9439,3,28317,2026-03-11 07:56:56
115,10090,Shoes,Boots,24035,2,48070,2026-01-12 11:12:56
116,10184,Shoes,Boots,13554,1,13554,2026-05-22 15:22:56
117,10189,Accessory,Belt,2569,1,2569,2026-03-09 16:43:56
118,10075,Accessory,Wallet,1823,1,1823,2026-05-13 14:18:56
119,10070,Shoes,Sneakers,23502,1,23502,2026-06-29 23:54:56
120,10222,Shoes,Sandals,10137,3,30411,2026-03-07 21:34:56
121,10112,Tops,Hoodie,6345,2,12690,2026-04-14 20:26:56
122,10102,Shoes,Boots,9738,1,9738,2026-03-07 22:53:56
123,10242,Tops,Shirt,3722,3,11166,2026-04-24 23:14:56
124,10202,Tops,Sweater,7466,3,22398,2026-02-02 17:40:56
125,10076,Accessory,Necklace,4690,2,9380,2026-02-10 12:10:56
126,10025,Accessory,Cap,5994,3,17982,2026-05-18 05:16:56
127,10061,Shoes,Sandals,8660,1,8660,2026-05-27 08:25:56
128,10176,Bottoms,Jeans,7346,2,14692,2026-02-08 10:11:56
129,10072,Tops,Shirt,4860,3,14580,2026-01-12 11:25:56
130,10150,Bottoms,Slacks,10453,3,31359,2026-01-22 19:02:56
131,10232,Tops,Shirt,7805,1,7805,2026-05-03 21:25:56
132,10152,Tops,Shirt,8993,2,17986,2026-02-15 16:01:56
133,10179,Tops,Sweater,8141,2,16282,2026-03-29 16:57:56
134,10153,Accessory,Necklace,4586,1,4586,2026-06-30 11:42:56
135,10023,Shoes,Sandals,14204,1,14204,2026-05-13 03:36:56
136,10210,Accessory,Cap,7264,3,21792,2026-05-03 07:27:56
137,10113,Bottoms,Skirt,8251,3,24753,2026-04-30 19:52:56
138,10120,Bag,Tote Bag,21112,1,21112,2026-04-12 12:08:56
139,10084,Shoes,Sandals,9427,1,9427,2026-03-27 02:58:56
140,10009,Shoes,Sandals,19122,3,57366,2026-03-16 23:09:56
141,10221,Shoes,Boots,9798,2,19596,2026-03-02 00:47:56
142,10048,Accessory,Necklace,4385,1,4385,2026-02-28 13:50:56
143,10052,Bag,Tote Bag,19484,1,19484,2026-05-03 08:21:56
144,10007,Shoes,Boots,21883,1,21883,2026-01-30 05:38:56
145,10003,Bottoms,Shorts,6545,3,19635,2026-02-19 12:24:56
146,10165,Bottoms,Jeans,7780,1,7780,2026-06-01 09:30:56
147,10213,Shoes,Sandals,14959,2,29918,2026-03-09 10:14:56
148,10048,Bag,Tote Bag,9739,2,19478,2026-02-07 08:42:56
149,10087,Bottoms,Jeans,6263,2,12526,2026-03-03 16:37:56
150,10214,Tops,Hoodie,8447,2,16894,2026-02-10 06:47:56
151,10123,Bag,Backpack,19632,3,58896,2026-04-13 14:54:56
152,10222,Accessory,Necklace,4730,2,9460,2026-05-23 03:14:56
153,10011,Accessory,Necklace,2913,2,5826,2026-04-20 01:59:56
154,10038,Bag,Shoulder Bag,26747,3,80241,2026-03-07 00:21:56
155,10025,Accessory,Wallet,1822,2,3644,2026-02-26 11:29:56
156,10248,Bottoms,Skirt,11134,3,33402,2026-06-01 22:59:56
157,10020,Shoes,Boots,19024,3,57072,2026-04-17 03:35:56
158,10183,Accessory,Necklace,3594,3,10782,2026-03-08 08:27:56
159,10175,Accessory,Cap,2923,3,8769,2026-04-28 17:42:56
160,10180,Tops,Sweater,3306,3,9918,2026-06-15 11:19:56
161,10203,Shoes,Sneakers,7507,2,15014,2026-06-26 16:07:56
162,10135,Shoes,Boots,10770,1,10770,2026-03-27 06:46:56
163,10156,Bottoms,Shorts,5434,1,5434,2026-04-04 05:46:56
164,10036,Bottoms,Skirt,11477,3,34431,2026-05-12 10:49:56
165,10002,Shoes,Boots,14366,3,43098,2026-03-13 15:46:56
166,10241,Accessory,Belt,1605,2,3210,2026-04-13 07:10:56
167,10216,Bag,Tote Bag,13195,2,26390,2026-04-24 19:05:56
168,10146,Bag,Backpack,12772,2,25544,2026-04-10 07:11:56
169,10002,Shoes,Sneakers,18969,2,37938,2026-02-16 03:40:56
170,10155,Tops,Sweater,4844,1,4844,2026-04-11 17:49:56
171,10196,Bottoms,Slacks,9552,3,28656,2026-01-23 03:36:56
172,10165,Bottoms,Jeans,11400,3,34200,2026-06-30 15:39:56
173,10187,Bag,Backpack,23991,2,47982,2026-06-07 22:31:56
174,10051,Shoes,Boots,19615,1,19615,2026-06-07 07:33:56
175,10212,Shoes,Sandals,22442,2,44884,2026-05-29 16:31:56
176,10205,Bag,Shoulder Bag,29463,2,58926,2026-06-11 11:25:56
177,10185,Bottoms,Shorts,11046,3,33138,2026-01-19 12:35:56
178,10003,Accessory,Wallet,1739,2,3478,2026-05-04 08:22:56
179,10172,Bag,Shoulder Bag,27047,3,81141,2026-05-04 07:05:56
180,10006,Shoes,Sneakers,13661,2,27322,2026-02-02 08:09:56
181,10162,Accessory,Belt,6305,1,6305,2026-03-14 03:10:56
182,10242,Bag,Backpack,9580,1,9580,2026-07-01 15:58:56
183,10034,Tops,T-shirt,4423,3,13269,2026-04-02 11:06:56
184,10186,Accessory,Necklace,5811,3,17433,2026-06-01 11:48:56
185,10240,Tops,Sweater,7543,2,15086,2026-04-30 23:45:56
186,10243,Shoes,Sneakers,20528,2,41056,2026-05-11 14:23:56
187,10101,Shoes,Sandals,17753,1,17753,2026-05-01 19:22:56
188,10164,Bag,Backpack,26717,1,26717,2026-01-28 06:28:56
189,10201,Tops,Hoodie,4495,1,4495,2026-02-16 19:25:56
190,10208,Accessory,Belt,5803,1,5803,2026-05-12 14:40:56
191,10033,Bottoms,Jeans,6271,1,6271,2026-02-22 16:38:56
192,10033,Bottoms,Jeans,9415,1,9415,2026-07-07 13:39:56
193,10067,Bottoms,Slacks,4129,1,4129,2026-06-27 20:42:56
194,10016,Bag,Tote Bag,8724,3,26172,2026-03-11 10:40:56
195,10128,Shoes,Sandals,9573,2,19146,2026-05-15 06:27:56
196,10246,Accessory,Wallet,4752,3,14256,2026-07-03 23:59:56
197,10125,Bag,Shoulder Bag,27482,1,27482,2026-03-19 22:32:56
198,10016,Tops,Hoodie,7483,1,7483,2026-06-08 16:50:56
199,10135,Accessory,Wallet,4120,3,12360,2026-04-26 10:57:56
200,10029,Accessory,Necklace,1812,3,5436,2026-01-24 04:33:56
201,10227,Accessory,Belt,4523,2,9046,2026-05-13 12:08:56
202,10024,Bag,Shoulder Bag,18631,3,55893,2026-04-21 12:09:56
203,10236,Shoes,Boots,11001,3,33003,2026-03-11 23:24:56
204,10190,Tops,T-shirt,6037,1,6037,2026-04-06 20:54:56
205,10105,Tops,Hoodie,7988,1,7988,2026-04-11 03:41:56
206,10153,Bag,Tote Bag,6685,2,13370,2026-04-22 14:23:56
207,10123,Accessory,Belt,2267,3,6801,2026-05-14 22:07:56
208,10146,Accessory,Wallet,1941,2,3882,2026-05-14 11:35:56
209,10212,Accessory,Cap,5988,3,17964,2026-01-14 17:28:56
210,10235,Bottoms,Slacks,9756,2,19512,2026-04-15 14:29:56
211,10102,Bottoms,Shorts,8639,3,25917,2026-06-23 20:42:56
212,10055,Tops,T-shirt,8612,3,25836,2026-04-05 12:00:56
213,10184,Shoes,Sneakers,18125,2,36250,2026-04-18 06:51:56
214,10193,Tops,T-shirt,3774,1,3774,2026-02-02 23:46:56
215,10108,Tops,Hoodie,6129,3,18387,2026-03-08 06:01:56
216,10029,Bag,Shoulder Bag,12063,3,36189,2026-04-13 12:22:56
217,10170,Shoes,Sandals,21945,3,65835,2026-04-24 00:15:56
218,10052,Bag,Tote Bag,6795,1,6795,2026-04-24 18:40:56
219,10030,Bottoms,Slacks,6371,2,12742,2026-07-09 09:42:56
220,10136,Bag,Backpack,9233,2,18466,2026-01-11 17:57:56
221,10220,Accessory,Wallet,1590,2,3180,2026-06-30 12:28:56
222,10109,Bag,Backpack,15258,3,45774,2026-02-14 12:44:56
223,10005,Bag,Shoulder Bag,8774,2,17548,2026-04-18 19:38:56
224,10235,Accessory,Necklace,7815,3,23445,2026-04-09 23:02:56
225,10102,Tops,Shirt,6069,3,18207,2026-02-26 23:04:56
226,10085,Shoes,Sandals,17125,1,17125,2026-05-28 22:57:56
227,10089,Tops,Shirt,8858,2,17716,2026-01-26 21:14:56
228,10044,Tops,Shirt,4596,1,4596,2026-02-06 20:41:56
229,10126,Tops,Shirt,8831,3,26493,2026-03-14 06:41:56
230,10164,Accessory,Necklace,6579,3,19737,2026-01-29 06:09:56
231,10120,Shoes,Sneakers,20410,1,20410,2026-03-19 05:10:56
232,10129,Shoes,Sandals,7840,2,15680,2026-06-22 16:00:56
233,10212,Bag,Backpack,6864,2,13728,2026-04-28 22:48:56
234,10141,Tops,Sweater,6290,3,18870,2026-06-30 10:31:56
235,10121,Accessory,Belt,3633,3,10899,2026-03-04 21:26:56
236,10021,Bag,Backpack,16253,3,48759,2026-03-03 05:18:56
237,10112,Tops,Shirt,8296,2,16592,2026-02-26 08:50:56
238,10099,Bottoms,Slacks,7054,2,14108,2026-03-28 14:46:56
239,10165,Accessory,Cap,7465,3,22395,2026-04-16 23:08:56
240,10185,Tops,Sweater,4827,2,9654,2026-01-23 05:34:56
241,10169,Bottoms,Slacks,4667,3,14001,2026-06-04 14:10:56
242,10240,Bag,Backpack,24498,3,73494,2026-06-19 15:54:56
243,10171,Bag,Tote Bag,15763,1,15763,2026-01-12 01:46:56
244,10108,Accessory,Cap,6292,3,18876,2026-03-02 14:28:56
245,10087,Shoes,Boots,11906,1,11906,2026-03-08 19:15:56
246,10216,Bottoms,Shorts,4632,2,9264,2026-06-15 08:40:56
247,10224,Accessory,Cap,6422,2,12844,2026-02-02 20:51:56
248,10212,Bag,Backpack,10316,1,10316,2026-01-14 05:38:56
249,10093,Bottoms,Skirt,4357,2,8714,2026-01-18 02:14:56
250,10200,Bag,Tote Bag,14336,3,43008,2026-03-18 17:55:56
251,10231,Bottoms,Slacks,11910,2,23820,2026-05-22 13:46:56
252,10199,Accessory,Necklace,4782,2,9564,2026-04-04 08:56:56
253,10035,Bag,Backpack,11543,3,34629,2026-05-07 23:48:56
254,10182,Bag,Shoulder Bag,23171,1,23171,2026-02-28 22:11:56
255,10231,Tops,Shirt,4734,2,9468,2026-03-01 20:36:56
256,10226,Bag,Backpack,12275,2,24550,2026-04-13 01:03:56
257,10060,Tops,Sweater,6612,2,13224,2026-04-03 23:06:56
258,10214,Bottoms,Jeans,6610,1,6610,2026-01-25 14:39:56
259,10234,Bottoms,Shorts,4313,2,8626,2026-03-12 02:36:56
260,10001,Bottoms,Skirt,7674,3,23022,2026-06-21 01:13:56
261,10155,Bottoms,Shorts,8495,3,25485,2026-02-25 12:22:56
262,10012,Shoes,Sneakers,15868,1,15868,2026-05-10 11:49:56
263,10214,Accessory,Necklace,1514,1,1514,2026-03-05 05:55:56
264,10074,Tops,Shirt,8386,1,8386,2026-03-24 00:50:56
265,10047,Shoes,Sneakers,24699,2,49398,2026-01-21 04:24:56
266,10139,Accessory,Wallet,1554,3,4662,2026-03-03 08:54:56
267,10162,Tops,Sweater,6351,1,6351,2026-04-02 14:13:56
268,10088,Tops,Hoodie,8959,1,8959,2026-05-10 01:47:56
269,10090,Tops,Hoodie,3592,1,3592,2026-02-21 14:37:56
270,10161,Bottoms,Skirt,9696,2,19392,2026-05-25 21:25:56
271,10011,Bag,Backpack,14615,1,14615,2026-05-21 00:09:56
272,10121,Shoes,Sandals,19049,3,57147,2026-05-07 23:41:56
273,10221,Bottoms,Slacks,6924,1,6924,2026-01-24 15:12:56
274,10190,Tops,Hoodie,6079,2,12158,2026-03-20 13:08:56
275,10094,Bottoms,Skirt,9669,2,19338,2026-02-28 16:38:56
276,10154,Tops,Sweater,3146,2,6292,2026-05-25 08:11:56
277,10169,Shoes,Sneakers,8623,2,17246,2026-04-26 16:01:56
278,10113,Accessory,Necklace,2365,3,7095,2026-04-12 11:27:56
279,10163,Shoes,Sandals,20252,2,40504,2026-06-26 22:47:56
280,10173,Bag,Shoulder Bag,21812,3,65436,2026-06-01 01:20:56
281,10017,Accessory,Necklace,1285,1,1285,2026-05-11 05:06:56
282,10154,Shoes,Boots,24587,1,24587,2026-06-01 04:01:56
283,10146,Shoes,Boots,20547,1,20547,2026-06-05 09:06:56
284,10063,Bag,Shoulder Bag,26284,2,52568,2026-06-12 00:42:56
285,10233,Bottoms,Skirt,8241,2,16482,2026-02-17 22:13:56
286,10156,Shoes,Sandals,20623,1,20623,2026-04-28 02:31:56
287,10218,Bag,Backpack,9018,1,9018,2026-06-22 11:18:56
288,10170,Bag,Backpack,27345,2,54690,2026-04-13 03:25:56
289,10182,Accessory,Wallet,3457,1,3457,2026-01-12 05:18:56
290,10051,Shoes,Sandals,13347,1,13347,2026-06-05 17:39:56
291,10146,Bag,Backpack,16825,3,50475,2026-04-07 10:38:56
292,10016,Accessory,Belt,6013,1,6013,2026-04-22 12:44:56
293,10210,Bag,Tote Bag,18460,2,36920,2026-02-13 23:21:56
294,10119,Shoes,Sandals,8430,2,16860,2026-01-17 09:07:56
295,10110,Bottoms,Shorts,10289,1,10289,2026-03-04 23:36:56
296,10041,Tops,Shirt,4991,1,4991,2026-04-19 03:15:56
297,10064,Shoes,Sandals,15307,1,15307,2026-05-21 04:54:56
298,10136,Shoes,Sneakers,15922,3,47766,2026-06-17 08:48:56
299,10159,Bottoms,Shorts,5402,3,16206,2026-02-06 14:36:56
300,10020,Accessory,Cap,7760,1,7760,2026-06-29 04:40:56
301,10196,Accessory,Wallet,6334,1,6334,2026-02-14 11:50:56
302,10074,Tops,Sweater,7637,3,22911,2026-01-27 15:59:56
303,10018,Bottoms,Skirt,6436,2,12872,2026-01-16 00:19:56
304,10052,Bag,Shoulder Bag,20867,2,41734,2026-04-14 06:20:56
305,10220,Shoes,Sandals,16463,3,49389,2026-04-13 13:21:56
306,10081,Shoes,Sandals,24404,1,24404,2026-05-10 11:22:56
307,10024,Shoes,Boots,14123,1,14123,2026-06-28 16:05:56
308,10208,Accessory,Necklace,3033,1,3033,2026-04-18 06:43:56
309,10131,Shoes,Sneakers,11221,2,22442,2026-03-13 09:33:56
310,10241,Shoes,Boots,6759,1,6759,2026-04-01 09:00:56
311,10012,Bottoms,Shorts,8778,2,17556,2026-06-28 15:58:56
312,10002,Accessory,Necklace,3340,3,10020,2026-06-13 12:21:56
313,10093,Shoes,Sandals,17985,2,35970,2026-06-29 13:26:56
314,10073,Accessory,Belt,3969,3,11907,2026-06-22 12:57:56
315,10174,Bag,Tote Bag,14165,3,42495,2026-02-04 22:21:56
316,10142,Tops,Sweater,5557,2,11114,2026-04-08 21:17:56
317,10011,Accessory,Necklace,5096,1,5096,2026-07-01 20:44:56
318,10038,Shoes,Boots,23017,2,46034,2026-02-05 09:21:56
319,10100,Shoes,Sandals,16437,1,16437,2026-02-03 01:36:56
320,10212,Shoes,Sandals,17022,3,51066,2026-03-02 07:58:56
321,10094,Accessory,Wallet,4890,1,4890,2026-04-17 04:22:56
322,10223,Bag,Tote Bag,15081,3,45243,2026-01-15 05:28:56
323,10200,Accessory,Necklace,3175,3,9525,2026-02-12 07:15:56
324,10161,Tops,Sweater,3896,3,11688,2026-02-02 13:20:56
325,10028,Bottoms,Jeans,8690,3,26070,2026-05-24 01:01:56
326,10176,Shoes,Boots,10962,2,21924,2026-05-19 11:57:56
327,10186,Accessory,Necklace,7949,3,23847,2026-06-25 03:21:56
328,10169,Accessory,Belt,5594,2,11188,2026-03-10 09:05:56
329,10087,Shoes,Sneakers,21062,3,63186,2026-02-21 13:46:56
330,10245,Shoes,Sandals,21865,1,21865,2026-05-08 16:54:56
331,10180,Shoes,Sneakers,15752,2,31504,2026-05-18 02:44:56
332,10143,Bag,Shoulder Bag,20722,2,41444,2026-05-01 16:22:56
333,10244,Accessory,Necklace,4232,2,8464,2026-06-03 16:27:56
334,10236,Shoes,Sandals,8589,2,17178,2026-03-19 05:13:56
335,10069,Bag,Backpack,11621,3,34863,2026-02-17 03:12:56
336,10150,Bottoms,Jeans,9043,3,27129,2026-05-10 18:26:56
337,10013,Accessory,Belt,6226,1,6226,2026-06-15 12:08:56
338,10001,Bag,Backpack,27321,1,27321,2026-02-20 20:03:56
339,10193,Bag,Shoulder Bag,26316,1,26316,2026-04-28 15:11:56
340,10059,Tops,T-shirt,7843,3,23529,2026-02-24 01:43:56
341,10239,Tops,Shirt,5923,1,5923,2026-07-01 12:39:56
342,10224,Bag,Backpack,29543,2,59086,2026-07-02 01:10:56
343,10116,Accessory,Cap,3744,2,7488,2026-01-27 07:56:56
344,10069,Bag,Backpack,21522,2,43044,2026-05-22 22:08:56
345,10183,Bottoms,Skirt,9310,2,18620,2026-05-25 00:42:56
346,10193,Shoes,Boots,24605,3,73815,2026-05-22 19:50:56
347,10022,Bag,Shoulder Bag,21884,2,43768,2026-03-30 04:23:56
348,10239,Bottoms,Shorts,7911,2,15822,2026-05-09 01:13:56
349,10244,Bag,Backpack,19638,2,39276,2026-04-17 15:52:56
350,10092,Accessory,Cap,3142,3,9426,2026-01-14 18:26:56
351,10103,Tops,Sweater,5013,1,5013,2026-01-16 08:30:56
352,10234,Shoes,Sandals,9847,3,29541,2026-04-26 13:50:56
353,10122,Bottoms,Shorts,11842,1,11842,2026-06-01 10:42:56
354,10140,Accessory,Wallet,4406,3,13218,2026-03-12 07:38:56
355,10223,Bottoms,Shorts,9573,3,28719,2026-06-20 09:01:56
356,10028,Accessory,Wallet,1639,3,4917,2026-06-25 07:32:56
357,10038,Accessory,Belt,5691,3,17073,2026-05-29 14:35:56
358,10052,Accessory,Necklace,1952,3,5856,2026-02-11 10:24:56
359,10116,Accessory,Necklace,7624,1,7624,2026-06-07 09:03:56
360,10118,Bag,Tote Bag,6891,3,20673,2026-01-19 15:43:56
361,10190,Tops,Sweater,4584,1,4584,2026-05-16 07:25:56
362,10016,Tops,Sweater,5322,3,15966,2026-02-22 23:30:56
363,10104,Tops,Sweater,2759,2,5518,2026-05-25 20:40:56
364,10222,Bag,Shoulder Bag,17533,2,35066,2026-04-05 13:24:56
365,10030,Accessory,Belt,6353,2,12706,2026-05-26 08:04:56
366,10213,Accessory,Belt,6962,1,6962,2026-07-11 01:10:56
367,10108,Bag,Tote Bag,28563,3,85689,2026-02-24 12:37:56
368,10039,Bottoms,Shorts,7773,2,15546,2026-05-01 18:30:56
369,10157,Tops,T-shirt,7908,2,15816,2026-07-06 18:16:56
370,10114,Tops,T-shirt,7365,1,7365,2026-02-07 03:44:56
371,10102,Tops,Shirt,8566,1,8566,2026-03-20 17:55:56
372,10074,Bottoms,Jeans,5147,3,15441,2026-05-12 01:53:56
373,10077,Shoes,Sandals,16507,1,16507,2026-06-04 03:56:56
374,10015,Bottoms,Skirt,6461,2,12922,2026-02-18 06:33:56
375,10012,Bottoms,Skirt,8553,2,17106,2026-04-13 04:47:56
376,10106,Bag,Tote Bag,15444,3,46332,2026-03-28 21:10:56
377,10121,Bag,Backpack,29720,3,89160,2026-05-10 18:10:56
378,10143,Bottoms,Skirt,11493,1,11493,2026-03-27 11:54:56
379,10065,Accessory,Belt,4181,1,4181,2026-05-19 14:48:56
380,10137,Tops,Sweater,5539,1,5539,2026-05-24 00:12:56
381,10010,Bag,Tote Bag,24823,3,74469,2026-06-22 18:38:56
382,10222,Accessory,Belt,4927,1,4927,2026-04-16 15:31:56
383,10030,Tops,Shirt,4056,3,12168,2026-03-10 17:45:56
384,10141,Accessory,Belt,4249,1,4249,2026-04-19 16:05:56
385,10078,Bag,Tote Bag,26257,2,52514,2026-05-05 13:57:56
386,10120,Bag,Shoulder Bag,8231,3,24693,2026-04-20 19:06:56
387,10221,Shoes,Boots,7498,3,22494,2026-05-15 02:20:56
388,10148,Tops,Hoodie,7032,3,21096,2026-03-26 16:20:56
389,10145,Bottoms,Slacks,5884,2,11768,2026-05-09 09:54:56
390,10164,Shoes,Boots,22011,3,66033,2026-03-07 11:19:56
391,10139,Shoes,Sneakers,10586,3,31758,2026-03-07 19:31:56
392,10214,Accessory,Cap,5292,1,5292,2026-06-21 04:26:56
393,10059,Tops,Sweater,3626,3,10878,2026-06-23 03:20:56
394,10095,Tops,Shirt,6642,2,13284,2026-06-25 05:49:56
395,10004,Accessory,Necklace,6400,2,12800,2026-07-09 07:54:56
396,10184,Bag,Backpack,5548,3,16644,2026-05-01 08:11:56
397,10235,Tops,Sweater,3968,1,3968,2026-06-16 09:20:56
398,10064,Bottoms,Shorts,9077,3,27231,2026-04-11 16:39:56
399,10117,Bag,Backpack,17224,2,34448,2026-02-16 17:45:56
400,10167,Bottoms,Slacks,9603,1,9603,2026-01-26 00:24:56
401,10121,Bag,Shoulder Bag,17359,3,52077,2026-06-26 05:29:56
402,10165,Bottoms,Jeans,8094,2,16188,2026-04-17 06:35:56
403,10230,Tops,T-shirt,4382,1,4382,2026-01-14 06:59:56
404,10236,Shoes,Sneakers,8436,3,25308,2026-04-30 07:53:56
405,10246,Tops,Shirt,5076,1,5076,2026-05-18 07:20:56
406,10144,Bag,Backpack,14806,1,14806,2026-05-10 06:36:56
407,10098,Bag,Tote Bag,22713,2,45426,2026-06-05 02:43:56
408,10111,Tops,Hoodie,2939,1,2939,2026-05-12 23:08:56
409,10007,Accessory,Necklace,7336,2,14672,2026-01-29 16:39:56
410,10141,Bag,Shoulder Bag,12475,2,24950,2026-04-05 12:18:56
411,10075,Accessory,Necklace,1702,3,5106,2026-05-08 03:25:56
412,10182,Tops,Hoodie,3763,2,7526,2026-01-29 20:42:56
413,10023,Bag,Shoulder Bag,16819,1,16819,2026-07-09 16:01:56
414,10022,Shoes,Boots,9349,1,9349,2026-05-24 12:01:56
415,10022,Accessory,Necklace,1846,1,1846,2026-04-11 08:24:56
416,10074,Accessory,Wallet,4155,1,4155,2026-03-27 12:40:56
417,10043,Tops,Shirt,7185,3,21555,2026-01-16 13:19:56
418,10126,Bottoms,Slacks,6466,2,12932,2026-06-03 23:19:56
419,10123,Bag,Shoulder Bag,18798,2,37596,2026-06-21 14:13:56
420,10050,Bottoms,Skirt,8864,3,26592,2026-03-15 22:21:56
421,10215,Shoes,Sneakers,18966,2,37932,2026-02-02 12:38:56
422,10208,Shoes,Boots,16968,2,33936,2026-01-25 06:21:56
423,10080,Shoes,Boots,12581,2,25162,2026-05-26 13:09:56
424,10200,Shoes,Sandals,22089,3,66267,2026-05-09 15:05:56
425,10238,Shoes,Boots,17960,1,17960,2026-02-16 18:52:56
426,10006,Accessory,Belt,6584,3,19752,2026-03-14 03:16:56
427,10209,Bag,Shoulder Bag,27702,1,27702,2026-03-28 03:58:56
428,10168,Bottoms,Slacks,5982,2,11964,2026-06-01 03:02:56
429,10122,Bag,Backpack,19715,3,59145,2026-02-11 12:55:56
430,10202,Accessory,Necklace,5453,1,5453,2026-04-09 02:32:56
431,10168,Accessory,Cap,1895,1,1895,2026-01-21 14:19:56
432,10173,Accessory,Cap,5613,3,16839,2026-01-26 12:41:56
433,10025,Shoes,Boots,9471,1,9471,2026-05-05 17:57:56
434,10100,Accessory,Belt,4651,2,9302,2026-03-14 03:52:56
435,10123,Accessory,Belt,3825,1,3825,2026-06-14 16:03:56
436,10089,Tops,T-shirt,8481,1,8481,2026-04-22 15:00:56
437,10024,Bottoms,Skirt,6853,2,13706,2026-03-20 01:45:56
438,10011,Bag,Shoulder Bag,7201,2,14402,2026-06-12 00:35:56
439,10204,Shoes,Sandals,9583,3,28749,2026-05-29 02:14:56
440,10084,Accessory,Belt,5521,1,5521,2026-02-17 12:00:56
441,10047,Bottoms,Skirt,9158,1,9158,2026-01-28 04:02:56
442,10226,Bag,Backpack,29162,3,87486,2026-05-21 10:52:56
443,10054,Bag,Shoulder Bag,5145,3,15435,2026-05-19 16:41:56
444,10093,Tops,T-shirt,6898,1,6898,2026-04-18 19:00:56
445,10135,Tops,Hoodie,7994,2,15988,2026-01-28 14:51:56
446,10029,Bag,Tote Bag,17862,3,53586,2026-04-12 13:35:56
447,10180,Bag,Tote Bag,10653,3,31959,2026-04-25 05:52:56
448,10061,Tops,Shirt,5065,1,5065,2026-04-23 22:18:56
449,10099,Shoes,Sandals,10632,3,31896,2026-03-25 06:21:56
450,10124,Accessory,Necklace,4465,1,4465,2026-01-29 07:45:56
451,10035,Bottoms,Shorts,8011,2,16022,2026-05-24 14:36:56
452,10243,Bag,Tote Bag,6756,2,13512,2026-07-08 10:21:56
453,10129,Bottoms,Skirt,11895,3,35685,2026-01-24 10:03:56
454,10125,Bag,Shoulder Bag,28269,2,56538,2026-05-29 22:53:56
455,10070,Tops,Shirt,4892,1,4892,2026-05-14 08:11:56
456,10197,Bottoms,Skirt,8633,3,25899,2026-03-06 07:57:56
457,10210,Tops,T-shirt,4694,3,14082,2026-04-08 07:37:56
458,10108,Tops,Sweater,6975,1,6975,2026-06-14 01:36:56
459,10115,Bottoms,Slacks,11166,1,11166,2026-05-04 13:34:56
460,10053,Tops,Sweater,3461,1,3461,2026-02-10 03:07:56
461,10035,Accessory,Necklace,2359,3,7077,2026-05-19 18:38:56
462,10152,Tops,Hoodie,6860,2,13720,2026-02-23 20:09:56
463,10243,Shoes,Boots,24767,2,49534,2026-03-01 03:37:56
464,10235,Tops,Shirt,8644,2,17288,2026-06-25 16:34:56
465,10182,Bottoms,Shorts,6045,1,6045,2026-04-19 17:41:56
466,10161,Bag,Shoulder Bag,9658,3,28974,2026-05-03 05:03:56
467,10203,Bag,Shoulder Bag,7474,3,22422,2026-06-17 12:57:56
468,10243,Shoes,Sandals,18093,2,36186,2026-03-08 14:52:56
469,10162,Tops,T-shirt,8487,2,16974,2026-01-21 03:07:56
470,10211,Tops,Sweater,4284,2,8568,2026-05-17 10:12:56
471,10147,Shoes,Boots,17067,3,51201,2026-06-07 06:35:56
472,10011,Bag,Shoulder Bag,27365,1,27365,2026-06-15 04:39:56
473,10112,Bag,Backpack,9071,1,9071,2026-03-17 01:02:56
474,10077,Bottoms,Shorts,11226,3,33678,2026-05-31 17:24:56
475,10170,Shoes,Boots,8700,2,17400,2026-01-25 20:26:56
476,10179,Bag,Tote Bag,15010,3,45030,2026-05-12 11:48:56
477,10122,Tops,T-shirt,2508,1,2508,2026-06-21 20:52:56
478,10178,Bottoms,Skirt,4076,1,4076,2026-04-14 21:34:56
479,10018,Bag,Tote Bag,9331,2,18662,2026-05-13 13:24:56
480,10225,Tops,T-shirt,5066,2,10132,2026-04-25 21:05:56
481,10144,Bottoms,Shorts,4560,3,13680,2026-07-08 05:48:56
482,10054,Bottoms,Skirt,6876,3,20628,2026-01-31 02:20:56
483,10220,Bag,Tote Bag,27497,2,54994,2026-05-16 22:32:56
484,10150,Tops,Shirt,8664,1,8664,2026-04-03 14:02:56
485,10165,Shoes,Sneakers,14119,2,28238,2026-06-19 17:54:56
486,10006,Accessory,Wallet,7381,3,22143,2026-01-23 16:16:56
487,10075,Accessory,Belt,7126,2,14252,2026-01-26 23:39:56
488,10061,Bottoms,Skirt,7161,1,7161,2026-03-05 04:51:56
489,10033,Tops,T-shirt,5458,2,10916,2026-04-02 07:03:56
490,10244,Shoes,Sandals,11661,2,23322,2026-06-23 00:52:56
491,10010,Tops,T-shirt,4647,1,4647,2026-06-25 12:57:56
492,10108,Shoes,Sandals,22418,2,44836,2026-01-12 13:24:56
493,10079,Accessory,Belt,3273,1,3273,2026-06-20 08:31:56
494,10100,Bottoms,Shorts,8394,2,16788,2026-02-10 04:41:56
495,10186,Tops,Hoodie,8223,2,16446,2026-05-11 00:14:56
496,10156,Tops,Sweater,3450,2,6900,2026-02-06 00:10:56
497,10035,Bottoms,Jeans,4103,3,12309,2026-01-13 01:19:56
498,10200,Bag,Shoulder Bag,22137,3,66411,2026-05-05 20:06:56
499,10197,Bottoms,Slacks,10004,1,10004,2026-07-03 14:38:56
500,10067,Bag,Shoulder Bag,22165,1,22165,2026-02-13 05:25:56
501,10014,Bag,Shoulder Bag,21737,2,43474,2026-03-05 07:19:56
502,10228,Shoes,Sneakers,14359,1,14359,2026-02-14 03:43:56
503,10000,Tops,Shirt,8568,3,25704,2026-06-30 01:14:56
504,10235,Tops,Sweater,5481,2,10962,2026-06-02 19:30:56
505,10063,Tops,Sweater,4339,2,8678,2026-03-26 02:09:56
506,10030,Shoes,Sneakers,24728,2,49456,2026-03-04 03:32:56
507,10011,Tops,Shirt,4328,3,12984,2026-03-30 22:33:56
508,10022,Bag,Shoulder Bag,15180,2,30360,2026-02-19 11:29:56
509,10200,Shoes,Sneakers,15554,3,46662,2026-04-24 01:50:56
510,10248,Bottoms,Skirt,7016,3,21048,2026-03-06 18:43:56
511,10238,Accessory,Belt,2233,1,2233,2026-03-29 01:15:56
512,10224,Accessory,Wallet,6209,3,18627,2026-07-08 15:29:56
513,10026,Bag,Tote Bag,28829,2,57658,2026-05-19 09:14:56
514,10182,Bag,Shoulder Bag,6962,1,6962,2026-04-30 23:27:56
515,10117,Bottoms,Skirt,9741,2,19482,2026-06-19 07:23:56
516,10019,Accessory,Belt,6220,2,12440,2026-02-09 07:26:56
517,10074,Bag,Tote Bag,9283,1,9283,2026-05-05 14:30:56
518,10081,Bag,Tote Bag,29096,2,58192,2026-03-17 17:15:56
519,10027,Tops,Shirt,3615,3,10845,2026-06-01 22:19:56
520,10030,Bag,Shoulder Bag,15290,2,30580,2026-02-23 13:40:56
521,10067,Bottoms,Skirt,6525,2,13050,2026-06-10 23:19:56
522,10213,Shoes,Sandals,7321,1,7321,2026-04-18 21:24:56
523,10012,Bottoms,Slacks,7246,3,21738,2026-01-18 16:13:56
524,10218,Bottoms,Jeans,11799,2,23598,2026-03-17 07:42:56
525,10026,Accessory,Belt,1775,2,3550,2026-06-05 22:29:56
526,10210,Tops,Shirt,3570,1,3570,2026-03-30 13:46:56
527,10016,Tops,Hoodie,3114,1,3114,2026-05-21 05:01:56
528,10031,Bottoms,Jeans,11414,2,22828,2026-06-30 11:26:56
529,10101,Bottoms,Skirt,10731,3,32193,2026-03-06 01:05:56
530,10232,Bag,Backpack,16598,1,16598,2026-05-24 17:12:56
531,10158,Bag,Backpack,6135,3,18405,2026-02-03 17:48:56
532,10122,Shoes,Boots,19500,3,58500,2026-06-25 23:12:56
533,10164,Bag,Backpack,18737,1,18737,2026-02-26 17:49:56
534,10091,Accessory,Cap,4133,3,12399,2026-03-10 07:39:56
535,10082,Bag,Shoulder Bag,23535,3,70605,2026-04-02 17:18:56
536,10007,Tops,Hoodie,7391,1,7391,2026-04-30 23:38:56
537,10059,Bag,Tote Bag,16712,3,50136,2026-05-31 22:14:56
538,10014,Bottoms,Slacks,8371,3,25113,2026-05-15 06:35:56
539,10060,Bag,Shoulder Bag,10692,1,10692,2026-02-09 14:38:56
540,10179,Shoes,Sandals,6924,3,20772,2026-04-11 06:53:56
541,10138,Bottoms,Shorts,10854,2,21708,2026-04-22 19:58:56
542,10154,Tops,T-shirt,2960,1,2960,2026-05-16 00:56:56
543,10051,Bag,Backpack,15870,3,47610,2026-06-07 14:44:56
544,10037,Bottoms,Slacks,4487,1,4487,2026-02-10 02:31:56
545,10220,Bottoms,Jeans,10934,3,32802,2026-04-08 23:06:56
546,10077,Bag,Tote Bag,8310,2,16620,2026-04-19 21:19:56
547,10081,Bag,Tote Bag,20964,3,62892,2026-05-27 02:54:56
548,10150,Accessory,Wallet,2828,3,8484,2026-05-27 13:10:56
549,10000,Shoes,Sneakers,11823,3,35469,2026-01-12 07:04:56
550,10081,Accessory,Cap,2491,3,7473,2026-02-04 17:49:56
551,10084,Accessory,Cap,5064,1,5064,2026-06-21 18:07:56
552,10171,Shoes,Sneakers,8907,3,26721,2026-01-28 01:33:56
553,10053,Shoes,Boots,6373,2,12746,2026-05-08 03:25:56
554,10000,Shoes,Boots,9540,3,28620,2026-06-28 13:01:56
555,10225,Bag,Backpack,18566,2,37132,2026-04-05 13:55:56
556,10166,Bag,Backpack,20711,3,62133,2026-01-16 18:19:56
557,10005,Bag,Backpack,6094,2,12188,2026-04-20 17:23:56
558,10041,Tops,Hoodie,3893,2,7786,2026-06-21 07:32:56
559,10228,Tops,Hoodie,7366,3,22098,2026-03-09 03:28:56
560,10227,Bag,Tote Bag,10406,3,31218,2026-03-21 20:26:56
561,10104,Tops,Hoodie,4183,1,4183,2026-01-13 07:43:56
562,10076,Accessory,Wallet,6411,2,12822,2026-05-11 22:26:56
563,10039,Bag,Tote Bag,23011,2,46022,2026-06-27 14:29:56
564,10160,Bag,Backpack,14651,3,43953,2026-02-07 10:17:56
565,10163,Tops,T-shirt,4195,1,4195,2026-04-27 22:59:56
566,10120,Tops,Hoodie,8929,2,17858,2026-03-07 04:13:56
567,10226,Tops,Sweater,4014,2,8028,2026-04-04 14:18:56
568,10119,Bag,Backpack,13627,2,27254,2026-05-04 17:36:56
569,10192,Shoes,Sandals,8019,1,8019,2026-01-13 04:23:56
570,10248,Tops,Hoodie,6935,2,13870,2026-02-10 17:54:56
571,10247,Tops,Sweater,6780,2,13560,2026-02-23 03:34:56
572,10076,Bag,Tote Bag,12721,2,25442,2026-06-20 12:32:56
573,10044,Tops,Shirt,3485,2,6970,2026-05-29 18:38:56
574,10020,Bottoms,Shorts,4349,2,8698,2026-01-17 12:17:56
575,10234,Bottoms,Slacks,6619,3,19857,2026-06-23 23:05:56
576,10219,Accessory,Necklace,5522,2,11044,2026-05-01 09:00:56
577,10038,Tops,Sweater,3421,2,6842,2026-06-03 06:52:56
578,10199,Accessory,Cap,1865,3,5595,2026-06-15 15:34:56
579,10098,Accessory,Wallet,4366,2,8732,2026-01-24 09:53:56
580,10070,Accessory,Necklace,1306,1,1306,2026-03-29 20:50:56
581,10227,Accessory,Necklace,1317,2,2634,2026-04-17 03:14:56
582,10005,Tops,Sweater,4700,2,9400,2026-04-15 16:10:56
583,10034,Shoes,Boots,9218,1,9218,2026-04-25 02:01:56
584,10165,Shoes,Boots,19656,3,58968,2026-06-18 19:01:56
585,10194,Bottoms,Skirt,10069,2,20138,2026-02-28 13:37:56
586,10181,Tops,Shirt,3037,2,6074,2026-03-03 13:21:56
587,10224,Accessory,Cap,2423,1,2423,2026-05-21 00:14:56
588,10180,Tops,Sweater,2914,2,5828,2026-05-21 17:06:56
589,10236,Bag,Tote Bag,18007,3,54021,2026-06-09 04:28:56
590,10114,Bottoms,Slacks,8004,3,24012,2026-05-26 09:52:56
591,10214,Accessory,Wallet,3820,1,3820,2026-05-05 01:36:56
592,10012,Tops,Hoodie,2724,2,5448,2026-05-30 06:40:56
593,10173,Bottoms,Shorts,9303,1,9303,2026-05-19 16:48:56
594,10002,Bag,Tote Bag,5657,3,16971,2026-03-11 20:48:56
595,10155,Bottoms,Jeans,5833,2,11666,2026-04-23 02:44:56
596,10117,Shoes,Boots,18336,2,36672,2026-05-07 19:00:56
597,10101,Shoes,Sandals,23060,3,69180,2026-02-11 22:29:56
598,10152,Accessory,Wallet,5599,3,16797,2026-02-05 16:10:56
599,10070,Tops,Sweater,3022,2,6044,2026-01-28 14:34:56
600,10038,Shoes,Boots,15790,1,15790,2026-02-28 17:32:56
601,10174,Tops,Sweater,7911,2,15822,2026-06-05 02:28:56
602,10103,Bag,Shoulder Bag,13500,2,27000,2026-04-02 02:27:56
603,10182,Accessory,Belt,3811,3,11433,2026-05-15 03:55:56
604,10076,Bag,Tote Bag,16747,3,50241,2026-05-28 03:33:56
605,10120,Accessory,Belt,3406,1,3406,2026-06-08 02:13:56
606,10167,Accessory,Belt,6568,2,13136,2026-06-18 18:07:56
607,10095,Bottoms,Slacks,7444,2,14888,2026-05-05 07:11:56
608,10221,Bag,Backpack,20418,1,20418,2026-01-29 06:52:56
609,10128,Accessory,Cap,4868,1,4868,2026-06-10 04:05:56
610,10222,Accessory,Wallet,4384,1,4384,2026-06-02 21:17:56
611,10036,Shoes,Boots,24658,2,49316,2026-04-21 03:18:56
612,10045,Tops,Sweater,5224,3,15672,2026-04-21 05:26:56
613,10194,Tops,Sweater,4740,1,4740,2026-05-28 06:41:56
614,10033,Bottoms,Skirt,10432,1,10432,2026-02-03 11:49:56
615,10098,Bag,Shoulder Bag,19058,2,38116,2026-07-09 23:55:56
616,10228,Bottoms,Slacks,11782,1,11782,2026-04-19 09:17:56
617,10063,Tops,T-shirt,7633,3,22899,2026-05-14 02:33:56
618,10098,Shoes,Boots,10224,1,10224,2026-03-04 07:10:56
619,10076,Bottoms,Jeans,10748,1,10748,2026-04-27 10:43:56
620,10034,Accessory,Wallet,4552,3,13656,2026-04-14 10:07:56
621,10004,Bottoms,Shorts,11766,2,23532,2026-05-13 17:43:56
622,10150,Bottoms,Shorts,10013,1,10013,2026-03-03 20:22:56
623,10224,Shoes,Sandals,7224,2,14448,2026-01-28 16:40:56
624,10169,Accessory,Cap,5865,1,5865,2026-06-13 04:36:56
625,10106,Tops,T-shirt,8150,1,8150,2026-03-19 13:22:56
626,10039,Accessory,Wallet,4886,3,14658,2026-05-19 02:46:56
627,10025,Tops,Hoodie,5947,3,17841,2026-01-22 09:12:56
628,10130,Accessory,Belt,4431,1,4431,2026-02-02 22:11:56
629,10155,Tops,T-shirt,6577,1,6577,2026-05-20 16:36:56
630,10104,Accessory,Belt,3932,3,11796,2026-04-26 20:27:56
631,10238,Accessory,Necklace,2701,3,8103,2026-03-09 15:14:56
632,10232,Tops,T-shirt,8002,1,8002,2026-06-12 06:47:56
633,10019,Bag,Backpack,7951,3,23853,2026-06-15 16:48:56
634,10118,Bottoms,Skirt,6425,2,12850,2026-06-28 21:37:56
635,10092,Bottoms,Jeans,10981,2,21962,2026-01-18 15:02:56
636,10002,Tops,T-shirt,8711,1,8711,2026-06-05 03:48:56
637,10244,Bottoms,Slacks,6928,2,13856,2026-02-01 16:33:56
638,10029,Tops,Hoodie,5307,1,5307,2026-03-30 13:00:56
639,10166,Shoes,Boots,21671,2,43342,2026-05-29 22:21:56
640,10233,Tops,Shirt,3349,2,6698,2026-02-09 09:38:56
641,10097,Accessory,Necklace,2484,3,7452,2026-04-10 06:28:56
642,10028,Bottoms,Skirt,11539,2,23078,2026-03-27 11:27:56
643,10003,Tops,Hoodie,7865,2,15730,2026-01-11 03:56:56
644,10132,Accessory,Belt,6487,2,12974,2026-02-27 02:45:56
645,10186,Accessory,Cap,4545,3,13635,2026-05-08 10:07:56
646,10013,Bag,Backpack,23295,3,69885,2026-07-08 04:30:56
647,10222,Bottoms,Skirt,10978,2,21956,2026-05-29 22:41:56
648,10248,Bag,Shoulder Bag,12893,2,25786,2026-04-30 23:57:56
649,10020,Bottoms,Skirt,7303,1,7303,2026-03-15 10:38:56
650,10114,Accessory,Necklace,1721,2,3442,2026-04-21 21:58:56
651,10009,Tops,T-shirt,5804,2,11608,2026-02-18 08:29:56
652,10052,Tops,Hoodie,6664,3,19992,2026-01-24 04:00:56
653,10216,Shoes,Boots,7778,1,7778,2026-03-16 14:54:56
654,10093,Accessory,Necklace,6870,3,20610,2026-03-17 22:23:56
655,10212,Bottoms,Jeans,6796,2,13592,2026-01-29 15:54:56
656,10011,Accessory,Wallet,6751,1,6751,2026-05-29 10:21:56
657,10050,Bag,Backpack,13332,3,39996,2026-05-23 21:30:56
658,10183,Bag,Backpack,19976,1,19976,2026-04-15 21:41:56
659,10150,Bag,Backpack,25750,3,77250,2026-06-09 11:00:56
660,10135,Accessory,Belt,5086,1,5086,2026-06-28 07:30:56
661,10199,Bag,Tote Bag,20824,3,62472,2026-05-26 02:52:56
662,10168,Bottoms,Shorts,4848,2,9696,2026-02-07 05:33:56
663,10250,Shoes,Sandals,18604,2,37208,2026-02-05 02:41:56
664,10248,Bottoms,Slacks,7259,2,14518,2026-04-26 10:38:56
665,10179,Bottoms,Shorts,7381,3,22143,2026-03-01 15:36:56
666,10239,Accessory,Wallet,6831,3,20493,2026-02-19 05:16:56
667,10074,Bottoms,Shorts,9113,3,27339,2026-01-16 13:31:56
668,10177,Bottoms,Shorts,8127,3,24381,2026-01-28 14:44:56
669,10149,Tops,Hoodie,7106,2,14212,2026-02-14 03:44:56
670,10073,Bag,Tote Bag,29506,3,88518,2026-03-25 00:56:56
671,10013,Tops,T-shirt,5620,1,5620,2026-01-21 00:17:56
672,10064,Shoes,Sneakers,15391,3,46173,2026-06-03 23:45:56
673,10091,Shoes,Sneakers,23733,1,23733,2026-03-17 21:50:56
674,10143,Accessory,Belt,7081,3,21243,2026-04-02 17:57:56
675,10099,Shoes,Sandals,7539,2,15078,2026-03-26 04:09:56
676,10064,Accessory,Cap,1106,3,3318,2026-05-20 05:34:56
677,10181,Bag,Backpack,25767,3,77301,2026-01-26 13:41:56
678,10246,Accessory,Belt,7358,3,22074,2026-05-22 16:01:56
679,10188,Bottoms,Jeans,5531,1,5531,2026-03-01 22:05:56
680,10067,Tops,Sweater,4786,3,14358,2026-06-07 19:52:56
681,10181,Shoes,Sneakers,16831,2,33662,2026-06-02 00:20:56
682,10157,Shoes,Sandals,7666,3,22998,2026-01-22 15:58:56
683,10081,Accessory,Wallet,1597,3,4791,2026-02-26 18:18:56
684,10040,Accessory,Cap,7441,3,22323,2026-03-26 07:55:56
685,10226,Bag,Backpack,16449,1,16449,2026-05-17 04:08:56
686,10243,Shoes,Boots,15619,1,15619,2026-02-02 08:59:56
687,10088,Accessory,Cap,1939,3,5817,2026-03-18 17:32:56
688,10226,Accessory,Belt,1326,3,3978,2026-04-19 12:31:56
689,10185,Tops,Sweater,4601,3,13803,2026-04-30 00:31:56
690,10114,Accessory,Wallet,5213,3,15639,2026-03-09 00:11:56
691,10242,Bottoms,Slacks,8209,1,8209,2026-06-16 19:40:56
692,10053,Accessory,Cap,6135,1,6135,2026-01-20 04:40:56
693,10052,Bottoms,Skirt,10845,1,10845,2026-02-23 02:33:56
694,10175,Bag,Tote Bag,7363,3,22089,2026-06-02 01:00:56
695,10013,Shoes,Sneakers,8867,1,8867,2026-05-26 16:54:56
696,10099,Tops,Shirt,4618,2,9236,2026-03-17 05:04:56
697,10172,Bag,Shoulder Bag,5553,2,11106,2026-06-10 08:29:56
698,10149,Accessory,Cap,7192,3,21576,2026-06-29 02:35:56
699,10074,Tops,Hoodie,6619,1,6619,2026-01-16 15:51:56
700,10097,Tops,Hoodie,8769,2,17538,2026-03-31 04:28:56
701,10034,Bag,Backpack,22480,1,22480,2026-04-01 08:11:56
702,10165,Bottoms,Slacks,9548,3,28644,2026-04-07 00:54:56
703,10001,Accessory,Belt,2009,1,2009,2026-02-14 06:04:56
704,10191,Accessory,Cap,3496,1,3496,2026-04-13 19:03:56
705,10056,Accessory,Belt,2318,1,2318,2026-02-03 17:17:56
706,10218,Tops,Shirt,7996,3,23988,2026-06-27 08:00:56
707,10017,Accessory,Cap,3381,3,10143,2026-05-07 22:17:56
708,10032,Accessory,Necklace,3710,2,7420,2026-01-20 05:14:56
709,10230,Tops,Hoodie,7575,1,7575,2026-05-22 14:58:56
710,10078,Bag,Shoulder Bag,25196,3,75588,2026-01-14 07:20:56
711,10245,Accessory,Wallet,7616,2,15232,2026-03-23 20:29:56
712,10189,Shoes,Sneakers,13258,3,39774,2026-01-27 12:12:56
713,10118,Shoes,Sneakers,16864,2,33728,2026-03-18 13:40:56
714,10044,Shoes,Boots,24077,1,24077,2026-01-26 06:24:56
715,10067,Shoes,Sneakers,23649,1,23649,2026-01-31 22:43:56
716,10007,Tops,T-shirt,6654,3,19962,2026-02-12 07:04:56
717,10066,Accessory,Belt,1300,3,3900,2026-02-21 07:59:56
718,10228,Bottoms,Slacks,7215,1,7215,2026-02-10 01:35:56
719,10130,Shoes,Sneakers,21227,3,63681,2026-06-17 13:06:56
720,10217,Accessory,Cap,6428,1,6428,2026-02-03 04:19:56
721,10045,Accessory,Belt,4655,1,4655,2026-02-16 06:47:56
722,10010,Bottoms,Skirt,11693,2,23386,2026-05-15 10:15:56
723,10010,Tops,Hoodie,5526,1,5526,2026-01-20 18:56:56
724,10225,Shoes,Boots,21390,2,42780,2026-06-29 23:48:56
725,10212,Shoes,Sneakers,23084,3,69252,2026-05-01 02:13:56
726,10096,Accessory,Belt,4085,3,12255,2026-04-08 06:48:56
727,10132,Tops,Hoodie,5582,1,5582,2026-03-29 13:37:56
728,10001,Shoes,Boots,21797,3,65391,2026-03-04 21:01:56
729,10164,Bottoms,Shorts,4631,3,13893,2026-04-30 19:20:56
730,10183,Bottoms,Shorts,6967,3,20901,2026-06-10 04:15:56
731,10123,Bag,Shoulder Bag,28601,1,28601,2026-01-19 09:59:56
732,10005,Bottoms,Shorts,9302,2,18604,2026-05-10 00:21:56
733,10131,Accessory,Belt,2103,3,6309,2026-06-30 07:20:56
734,10132,Tops,Shirt,4615,1,4615,2026-03-29 05:53:56
735,10114,Tops,Hoodie,3202,1,3202,2026-02-05 09:34:56
736,10153,Bag,Backpack,12188,2,24376,2026-06-04 06:37:56
737,10175,Bottoms,Slacks,5373,3,16119,2026-04-14 10:51:56
738,10098,Accessory,Cap,2882,2,5764,2026-06-07 22:28:56
739,10155,Bottoms,Skirt,10770,1,10770,2026-06-16 19:59:56
740,10128,Accessory,Cap,7421,3,22263,2026-06-10 22:59:56
741,10166,Bottoms,Jeans,11347,3,34041,2026-03-22 09:03:56
742,10058,Shoes,Sneakers,23361,2,46722,2026-03-09 13:07:56
743,10065,Accessory,Cap,4485,1,4485,2026-03-10 17:31:56
744,10104,Tops,Hoodie,7401,3,22203,2026-05-06 19:29:56
745,10096,Tops,T-shirt,6757,1,6757,2026-01-24 18:45:56
746,10039,Shoes,Boots,17870,1,17870,2026-03-23 04:52:56
747,10144,Shoes,Boots,23567,2,47134,2026-04-08 06:12:56
748,10200,Bag,Backpack,18540,3,55620,2026-02-18 10:18:56
749,10064,Shoes,Sandals,24183,2,48366,2026-04-23 07:07:56
750,10030,Bag,Tote Bag,9524,3,28572,2026-05-13 10:39:56
751,10102,Bottoms,Jeans,5756,3,17268,2026-04-15 07:50:56
752,10001,Tops,Shirt,5687,3,17061,2026-06-17 20:59:56
753,10067,Accessory,Necklace,1722,1,1722,2026-05-15 14:24:56
754,10238,Accessory,Cap,6935,2,13870,2026-03-30 05:48:56
755,10014,Accessory,Wallet,6829,3,20487,2026-05-27 04:58:56
756,10238,Bag,Backpack,11609,3,34827,2026-02-28 16:17:56
757,10172,Tops,Shirt,7539,1,7539,2026-07-01 14:14:56
758,10199,Tops,Shirt,3211,2,6422,2026-03-30 13:47:56
759,10132,Bag,Shoulder Bag,24204,1,24204,2026-07-07 01:44:56
760,10185,Tops,T-shirt,7002,2,14004,2026-02-17 07:07:56
761,10246,Shoes,Boots,13415,3,40245,2026-05-22 10:30:56
762,10044,Bag,Tote Bag,5152,2,10304,2026-03-28 09:23:56
763,10087,Accessory,Cap,5121,2,10242,2026-06-11 09:13:56
764,10247,Accessory,Wallet,6686,2,13372,2026-04-05 06:59:56
765,10174,Bottoms,Slacks,11874,2,23748,2026-03-15 06:34:56
766,10017,Tops,Sweater,3452,2,6904,2026-04-04 04:39:56
767,10105,Bottoms,Shorts,10554,2,21108,2026-04-11 08:55:56
768,10023,Tops,Hoodie,4533,2,9066,2026-03-30 03:42:56
769,10121,Shoes,Sneakers,24171,1,24171,2026-04-21 14:16:56
770,10174,Accessory,Wallet,2497,3,7491,2026-05-23 09:42:56
771,10223,Bottoms,Shorts,10024,1,10024,2026-05-04 19:15:56
772,10091,Bottoms,Shorts,10851,3,32553,2026-06-01 22:22:56
773,10195,Tops,Sweater,7528,1,7528,2026-02-22 23:35:56
774,10126,Bag,Shoulder Bag,25338,2,50676,2026-02-13 16:58:56
775,10192,Bottoms,Slacks,7259,1,7259,2026-02-13 21:26:56
776,10008,Accessory,Necklace,4918,3,14754,2026-03-04 14:04:56
777,10178,Bottoms,Skirt,11999,1,11999,2026-02-28 11:09:56
778,10097,Tops,T-shirt,8022,1,8022,2026-02-12 22:09:56
779,10140,Shoes,Sandals,14509,1,14509,2026-05-04 18:12:56
780,10047,Bag,Tote Bag,16242,2,32484,2026-03-05 12:16:56
781,10093,Bag,Tote Bag,29647,2,59294,2026-03-30 17:01:56
782,10058,Bottoms,Shorts,8717,3,26151,2026-06-15 02:12:56
783,10050,Bottoms,Skirt,11014,2,22028,2026-06-03 02:20:56
784,10127,Bag,Backpack,10787,2,21574,2026-06-06 04:56:56
785,10076,Accessory,Wallet,7433,2,14866,2026-05-07 07:35:56
786,10176,Accessory,Cap,4263,1,4263,2026-05-31 00:16:56
787,10190,Shoes,Boots,9155,2,18310,2026-04-16 17:06:56
788,10088,Shoes,Sandals,24267,2,48534,2026-07-05 12:22:56
789,10147,Shoes,Sandals,12519,3,37557,2026-01-25 04:55:56
790,10172,Bottoms,Slacks,6909,2,13818,2026-03-02 09:40:56
791,10073,Bag,Backpack,17486,3,52458,2026-03-14 05:20:56
792,10156,Bottoms,Slacks,7455,3,22365,2026-02-14 12:35:56
793,10058,Tops,T-shirt,3827,2,7654,2026-04-21 14:48:56
794,10165,Shoes,Sandals,14764,3,44292,2026-03-31 16:33:56
795,10133,Bag,Shoulder Bag,29507,3,88521,2026-03-17 12:19:56
796,10060,Bottoms,Jeans,5024,3,15072,2026-01-22 16:42:56
797,10026,Tops,Shirt,3867,2,7734,2026-06-16 22:30:56
798,10197,Bag,Tote Bag,6763,1,6763,2026-03-31 08:41:56
799,10039,Tops,T-shirt,4650,3,13950,2026-06-19 04:30:56
800,10188,Bag,Shoulder Bag,12515,1,12515,2026-04-29 10:49:56
801,10007,Bottoms,Shorts,8315,1,8315,2026-07-02 04:07:56
802,10239,Shoes,Boots,21308,3,63924,2026-05-02 08:01:56
803,10116,Bottoms,Shorts,8840,3,26520,2026-01-30 01:49:56
804,10163,Accessory,Necklace,5288,3,15864,2026-02-24 15:31:56
805,10206,Shoes,Boots,23683,1,23683,2026-06-18 11:10:56
806,10077,Shoes,Boots,14513,1,14513,2026-07-09 00:56:56
807,10136,Bottoms,Slacks,6349,2,12698,2026-07-08 02:30:56
808,10196,Bag,Shoulder Bag,14817,1,14817,2026-03-22 15:51:56
809,10048,Bottoms,Jeans,8490,2,16980,2026-03-27 08:02:56
810,10188,Bag,Backpack,10350,3,31050,2026-01-26 12:36:56
811,10108,Bag,Backpack,13617,1,13617,2026-01-31 17:56:56
812,10190,Accessory,Wallet,3332,3,9996,2026-02-24 17:03:56
813,10074,Bottoms,Jeans,5494,1,5494,2026-06-12 05:00:56
814,10159,Accessory,Necklace,3229,3,9687,2026-03-07 19:09:56
815,10005,Tops,Shirt,2906,3,8718,2026-05-24 22:11:56
816,10002,Shoes,Sneakers,20366,3,61098,2026-05-12 23:20:56
817,10107,Tops,Sweater,4279,2,8558,2026-04-22 10:06:56
818,10020,Bag,Tote Bag,6039,2,12078,2026-06-04 00:12:56
819,10046,Bag,Backpack,22799,2,45598,2026-05-22 16:37:56
820,10063,Bag,Backpack,8996,3,26988,2026-04-03 11:14:56
821,10197,Tops,Shirt,6275,3,18825,2026-06-16 08:47:56
822,10246,Bottoms,Skirt,7187,3,21561,2026-04-22 15:19:56
823,10163,Tops,T-shirt,4575,2,9150,2026-04-25 19:06:56
824,10162,Tops,Shirt,3425,1,3425,2026-03-21 15:29:56
825,10101,Bottoms,Slacks,8789,1,8789,2026-05-10 01:27:56
826,10039,Accessory,Necklace,6639,3,19917,2026-04-06 23:14:56
827,10158,Bottoms,Skirt,4748,3,14244,2026-04-15 05:26:56
828,10179,Tops,Hoodie,7780,1,7780,2026-02-23 22:21:56
829,10201,Bag,Backpack,15378,3,46134,2026-01-26 13:38:56
830,10176,Bag,Tote Bag,11323,1,11323,2026-04-05 13:43:56
831,10124,Bottoms,Slacks,11361,1,11361,2026-01-11 10:54:56
832,10145,Shoes,Sandals,22059,1,22059,2026-05-24 08:07:56
833,10222,Shoes,Sandals,21348,2,42696,2026-02-07 08:19:56
834,10209,Tops,Shirt,6181,2,12362,2026-05-04 08:06:56
835,10097,Bag,Backpack,25906,3,77718,2026-05-25 00:50:56
836,10184,Shoes,Sandals,13824,2,27648,2026-06-24 03:55:56
837,10127,Bag,Backpack,22172,3,66516,2026-02-19 20:50:56
838,10082,Shoes,Boots,19428,3,58284,2026-06-12 21:56:56
839,10223,Tops,T-shirt,3563,1,3563,2026-07-02 19:23:56
840,10146,Bag,Backpack,8235,1,8235,2026-01-27 12:47:56
841,10151,Bag,Tote Bag,25446,3,76338,2026-05-07 00:06:56
842,10167,Bottoms,Jeans,4107,1,4107,2026-03-07 23:00:56
843,10240,Tops,Hoodie,7071,3,21213,2026-03-26 13:39:56
844,10187,Tops,Hoodie,6833,1,6833,2026-06-22 16:25:56
845,10059,Bottoms,Jeans,4829,3,14487,2026-02-24 13:17:56
846,10242,Bottoms,Shorts,8669,3,26007,2026-05-26 07:42:56
847,10196,Accessory,Necklace,7112,1,7112,2026-01-28 07:07:56
848,10226,Bag,Tote Bag,26798,2,53596,2026-06-14 19:39:56
849,10168,Bottoms,Skirt,8134,2,16268,2026-05-31 07:51:56
850,10083,Bag,Shoulder Bag,15326,3,45978,2026-04-06 11:41:56
851,10061,Bag,Tote Bag,15598,3,46794,2026-02-16 08:16:56
852,10092,Bag,Tote Bag,29398,2,58796,2026-03-17 11:04:56
853,10004,Tops,T-shirt,4830,3,14490,2026-02-28 20:33:56
854,10054,Shoes,Sneakers,15841,1,15841,2026-04-22 00:40:56
855,10146,Shoes,Sandals,22753,3,68259,2026-02-14 21:23:56
856,10035,Tops,Sweater,5413,1,5413,2026-05-04 13:33:56
857,10207,Accessory,Belt,2908,2,5816,2026-04-25 22:53:56
858,10019,Bag,Tote Bag,12124,3,36372,2026-04-18 10:18:56
859,10209,Bag,Tote Bag,28030,3,84090,2026-06-16 05:48:56
860,10020,Shoes,Sneakers,24883,2,49766,2026-06-26 15:07:56
861,10191,Bag,Shoulder Bag,8949,1,8949,2026-01-24 05:30:56
862,10134,Tops,Sweater,2943,2,5886,2026-06-30 14:55:56
863,10178,Accessory,Belt,3677,3,11031,2026-05-15 21:26:56
864,10147,Bag,Shoulder Bag,29669,3,89007,2026-03-03 23:15:56
865,10033,Bag,Shoulder Bag,17921,1,17921,2026-04-15 22:59:56
866,10067,Accessory,Cap,5490,2,10980,2026-06-19 12:57:56
867,10123,Bag,Tote Bag,9272,1,9272,2026-02-17 18:58:56
868,10143,Bag,Tote Bag,23721,1,23721,2026-02-03 01:56:56
869,10198,Bottoms,Shorts,4586,2,9172,2026-03-22 14:46:56
870,10105,Accessory,Cap,1921,3,5763,2026-03-24 14:07:56
871,10167,Bottoms,Slacks,6822,3,20466,2026-07-04 16:19:56
872,10037,Shoes,Sandals,20490,3,61470,2026-03-20 23:30:56
873,10039,Bottoms,Shorts,9614,2,19228,2026-06-19 21:42:56
874,10222,Tops,Shirt,7587,1,7587,2026-04-29 01:08:56
875,10005,Tops,Hoodie,6186,2,12372,2026-04-17 18:42:56
876,10133,Accessory,Belt,2669,3,8007,2026-05-05 07:59:56
877,10171,Accessory,Belt,6694,3,20082,2026-07-06 12:52:56
878,10015,Accessory,Cap,3092,1,3092,2026-04-29 18:39:56
879,10167,Accessory,Wallet,1434,2,2868,2026-07-08 23:05:56
880,10004,Shoes,Sandals,17803,1,17803,2026-04-27 05:05:56
881,10025,Bottoms,Skirt,8165,3,24495,2026-04-21 09:34:56
882,10128,Accessory,Cap,2527,1,2527,2026-03-15 07:30:56
883,10078,Tops,T-shirt,4526,3,13578,2026-04-16 10:04:56
884,10090,Bottoms,Jeans,6840,3,20520,2026-04-11 05:10:56
885,10160,Bottoms,Slacks,10651,1,10651,2026-05-06 12:33:56
886,10087,Tops,Hoodie,4347,1,4347,2026-04-01 04:21:56
887,10156,Tops,Sweater,6765,3,20295,2026-01-31 04:15:56
888,10109,Bag,Backpack,23772,1,23772,2026-04-22 06:08:56
889,10167,Bag,Tote Bag,9317,1,9317,2026-06-05 06:55:56
890,10180,Bottoms,Shorts,6531,3,19593,2026-02-26 21:02:56
891,10142,Bottoms,Shorts,6600,1,6600,2026-02-24 02:22:56
892,10186,Bottoms,Slacks,10877,1,10877,2026-07-03 14:33:56
893,10190,Bag,Shoulder Bag,14940,2,29880,2026-01-28 02:12:56
894,10047,Bottoms,Shorts,4874,1,4874,2026-07-04 05:50:56
895,10059,Shoes,Sandals,24580,3,73740,2026-02-08 18:15:56
896,10199,Tops,Hoodie,3151,3,9453,2026-03-10 20:57:56
897,10095,Accessory,Necklace,6832,3,20496,2026-05-24 12:58:56
898,10057,Bag,Backpack,10366,1,10366,2026-07-02 11:41:56
899,10190,Tops,Hoodie,5883,1,5883,2026-01-20 18:41:56
900,10221,Bottoms,Jeans,5450,2,10900,2026-02-03 09:45:56
901,10103,Shoes,Boots,14086,2,28172,2026-06-30 05:42:56
902,10156,Bag,Tote Bag,15253,2,30506,2026-02-14 05:55:56
903,10115,Accessory,Cap,5265,1,5265,2026-03-16 23:33:56
904,10142,Bottoms,Skirt,10022,1,10022,2026-04-02 08:41:56
905,10101,Tops,Shirt,4885,2,9770,2026-04-24 16:00:56
906,10235,Bottoms,Skirt,6411,3,19233,2026-06-27 02:56:56
907,10115,Bottoms,Skirt,10798,3,32394,2026-06-17 01:57:56
908,10240,Tops,Shirt,8879,3,26637,2026-01-13 08:21:56
909,10006,Bag,Shoulder Bag,15599,2,31198,2026-05-26 10:52:56
910,10082,Bottoms,Skirt,4738,2,9476,2026-01-14 04:31:56
911,10180,Bottoms,Jeans,4747,1,4747,2026-03-17 05:06:56
912,10156,Tops,Sweater,8454,3,25362,2026-05-31 12:54:56
913,10144,Bag,Backpack,10599,2,21198,2026-01-23 21:19:56
914,10013,Bottoms,Shorts,10300,3,30900,2026-03-25 16:10:56
915,10030,Bag,Shoulder Bag,25527,1,25527,2026-06-07 19:29:56
916,10127,Accessory,Wallet,1100,2,2200,2026-03-05 07:38:56
917,10150,Tops,Sweater,4448,1,4448,2026-01-23 10:00:56
918,10153,Bag,Shoulder Bag,7601,3,22803,2026-07-09 17:33:56
919,10142,Accessory,Wallet,6077,3,18231,2026-05-19 00:18:56
920,10009,Bottoms,Jeans,9351,2,18702,2026-06-03 23:47:56
921,10012,Accessory,Wallet,3712,1,3712,2026-06-13 12:18:56
922,10177,Bottoms,Slacks,9006,3,27018,2026-01-12 05:53:56
923,10148,Accessory,Belt,4730,3,14190,2026-04-10 00:24:56
924,10209,Shoes,Boots,18077,2,36154,2026-06-23 11:36:56
925,10034,Accessory,Cap,3398,2,6796,2026-06-09 02:34:56
926,10134,Shoes,Boots,23270,2,46540,2026-05-18 03:16:56
927,10186,Accessory,Cap,1895,3,5685,2026-01-30 09:24:56
928,10239,Bag,Tote Bag,27565,3,82695,2026-01-11 16:02:56
929,10147,Accessory,Wallet,3127,3,9381,2026-02-01 13:30:56
930,10161,Bottoms,Skirt,8257,3,24771,2026-03-05 09:38:56
931,10250,Bottoms,Shorts,9804,2,19608,2026-05-23 01:22:56
932,10188,Tops,Sweater,7623,1,7623,2026-05-18 06:03:56
933,10143,Bag,Backpack,15937,2,31874,2026-01-28 19:29:56
934,10078,Bottoms,Slacks,6084,1,6084,2026-04-25 08:54:56
935,10085,Shoes,Sneakers,9730,3,29190,2026-04-14 12:43:56
936,10049,Accessory,Cap,7816,1,7816,2026-04-17 14:30:56
937,10034,Bag,Shoulder Bag,6165,3,18495,2026-03-09 20:49:56
938,10200,Bag,Tote Bag,15980,2,31960,2026-03-27 02:26:56
939,10173,Accessory,Wallet,5628,3,16884,2026-04-21 07:55:56
940,10084,Tops,Shirt,7230,3,21690,2026-04-11 23:20:56
941,10160,Shoes,Sneakers,17113,2,34226,2026-02-24 19:53:56
942,10029,Accessory,Necklace,2535,3,7605,2026-04-23 02:35:56
943,10105,Shoes,Sandals,7036,2,14072,2026-06-18 09:33:56
944,10055,Bottoms,Slacks,7702,2,15404,2026-02-26 16:18:56
945,10199,Tops,Hoodie,8930,1,8930,2026-05-20 23:01:56
946,10231,Accessory,Cap,7545,2,15090,2026-03-04 21:17:56
947,10198,Shoes,Boots,23158,2,46316,2026-04-18 20:40:56
948,10009,Tops,Shirt,4180,3,12540,2026-03-15 12:44:56
949,10238,Accessory,Cap,1033,2,2066,2026-06-29 03:35:56
950,10227,Accessory,Cap,3730,2,7460,2026-06-29 21:56:56
951,10163,Shoes,Sneakers,24925,2,49850,2026-05-18 15:17:56
952,10081,Bottoms,Slacks,6266,3,18798,2026-03-20 04:22:56
953,10029,Shoes,Sneakers,11160,2,22320,2026-07-07 05:54:56
954,10089,Accessory,Cap,2692,3,8076,2026-02-20 15:12:56
955,10043,Bottoms,Slacks,8702,1,8702,2026-06-22 15:50:56
956,10033,Shoes,Sandals,20537,1,20537,2026-07-03 09:32:56
957,10022,Tops,T-shirt,5642,1,5642,2026-03-23 13:18:56
958,10079,Accessory,Necklace,6048,2,12096,2026-04-16 18:44:56
959,10145,Accessory,Cap,7191,2,14382,2026-06-07 22:37:56
960,10175,Bag,Backpack,19928,2,39856,2026-01-27 02:40:56
961,10036,Bag,Shoulder Bag,12592,1,12592,2026-02-03 16:31:56
962,10234,Shoes,Boots,12008,3,36024,2026-01-21 14:39:56
963,10016,Shoes,Boots,21974,1,21974,2026-03-11 22:07:56
964,10196,Bag,Shoulder Bag,10596,2,21192,2026-04-12 05:53:56
965,10203,Bottoms,Jeans,7323,3,21969,2026-06-13 14:54:56
966,10102,Tops,Hoodie,6864,2,13728,2026-02-09 12:14:56
967,10249,Accessory,Belt,5488,1,5488,2026-03-09 13:25:56
968,10145,Shoes,Sneakers,20127,2,40254,2026-04-14 07:45:56
969,10019,Bottoms,Shorts,9428,3,28284,2026-02-14 10:22:56
970,10024,Accessory,Necklace,3665,3,10995,2026-03-19 20:10:56
971,10175,Bag,Backpack,24603,1,24603,2026-02-08 13:09:56
972,10023,Bag,Tote Bag,26632,1,26632,2026-05-16 20:33:56
973,10169,Accessory,Cap,7201,1,7201,2026-06-02 10:55:56
974,10050,Shoes,Boots,24937,2,49874,2026-05-19 03:33:56
975,10077,Shoes,Boots,24686,3,74058,2026-03-21 02:31:56
976,10130,Shoes,Sneakers,6266,3,18798,2026-03-29 20:35:56
977,10247,Shoes,Sneakers,18098,3,54294,2026-06-28 00:44:56
978,10221,Accessory,Wallet,1898,2,3796,2026-07-03 18:02:56
979,10182,Accessory,Necklace,6121,2,12242,2026-04-04 13:05:56
980,10044,Bag,Tote Bag,11921,3,35763,2026-03-11 21:17:56
981,10215,Accessory,Necklace,7908,2,15816,2026-03-26 21:11:56
982,10165,Bottoms,Shorts,4095,1,4095,2026-07-06 20:43:56
983,10021,Bag,Tote Bag,19310,1,19310,2026-06-05 04:38:56
984,10238,Bag,Shoulder Bag,27786,3,83358,2026-03-24 06:18:56
985,10209,Bag,Tote Bag,18897,3,56691,2026-03-17 13:07:56
986,10001,Bottoms,Shorts,7479,3,22437,2026-02-13 09:35:56
987,10147,Bottoms,Slacks,7365,3,22095,2026-04-09 00:27:56
988,10028,Accessory,Necklace,6774,2,13548,2026-02-12 09:45:56
989,10134,Tops,Shirt,8481,3,25443,2026-04-30 10:56:56
990,10161,Tops,T-shirt,4508,2,9016,2026-01-22 04:25:56
991,10231,Accessory,Wallet,6022,1,6022,2026-04-14 07:40:56
992,10231,Tops,Sweater,6219,3,18657,2026-03-12 06:43:56
993,10074,Shoes,Boots,17564,2,35128,2026-05-29 23:45:56
994,10066,Accessory,Wallet,6955,3,20865,2026-06-25 04:59:56
995,10168,Accessory,Belt,5692,1,5692,2026-04-27 01:50:56
996,10032,Tops,Hoodie,6471,1,6471,2026-03-03 22:35:56
997,10071,Shoes,Boots,10343,3,31029,2026-05-01 17:29:56
998,10038,Tops,Shirt,7347,3,22041,2026-01-23 11:06:56
999,10060,Bottoms,Slacks,10410,3,31230,2026-03-08 19:38:56
1000,10247,Accessory,Cap,3808,1,3808,2026-06-03 05:30:56
